"allergen_code","allergy_category_code","id","allergen_fsn","allergy_category_fsn","preferred_term_en","preferred_term_pt","synonym_1","synonym_2"
"765098000","762766007","1","Abalone (substance)","Edible substance (substance)","Abalone","Abalone"," "," "
"1285117000","115668003","2","Acacia longifolia pollen (substance)","Biological substance (substance)","Acacia longifolia pollen","Pólen de Acacia longifolia","Pólen de acácia"," "
"387440002","115668003","3","Acetylcysteine (substance)","Biological substance (substance)","Acetylcysteine","Acetilcisteína"," "," "
"418920007","37877001","4","Adhesive agent (substance)","Environmental agent (qualifier value)","Adhesive agent ","Adesivo","Emplastro"," "
"14423008","0","5","Adhesive bandage, device (physical object)"," ","Adhesive bandage","Pensos rápidos","Pensos rápidos"," "
"1285426005","115668003","6","Aedes communis venom (substance)","Biological substance (substance)","Aedes communis venom","Veneno de Aedes communis","Veneno de mosquito comum"," "
"1264571004","115668003","7","Agrostis stolonifera pollen (substance)","Biological substance (substance)","Agrostis stolonifera pollen","Pólen de Agrostis stolonifera "," "," "
"52454007","115668003","8","Albumin (substance)","Biological substance (substance)","Albumin","Albumina"," "," "
"1263994003","762766007","9","Alces meat (substance)","Edible substance (substance)","Alces meat","Carne de Alces","Carne de alce"," "
"227375005","762766007","10","Allspice (substance)","Edible substance (substance)","Allspice","Pimenta-da-jamaica","Pimenta dioica","Pimenta-de-coroa"
"256350002","762766007","11","Almond (substance)","Edible substance (substance)","Almond","Amêndoa"," "," "
"391737006","115668003","12","Almond oil (substance)","Biological substance (substance)","Almond oil","Óleo de amêndoa","Óleo de amêndoa doce"," "
"102698008","762766007","13","Alpha-lactalbumin (substance)","Edible substance (substance)","Alpha-lactalbumin","Alfa-lactalbumina"," "," "
"12503006","37877001","14","Aluminum (substance)","Environmental agent (qualifier value)","Aluminum ","Alumínio"," "," "
"698727000","115668003","15","Amaranthus palmeri pollen (substance)","Biological substance (substance)","Amaranthus palmeri pollen","Pólen de Amaranthus palmeri"," "," "
"260113002","115668003","16","Amaranthus retroflexus pollen (substance)","Biological substance (substance)","Amaranthus retroflexus pollen","Pólen de Amaranthus retroflexus","Pólen de beldros","Pólen de carurú-gigante"
"1285118005","115668003","17","Amaranthus tuberculatus pollen (substance)","Biological substance (substance)","Amaranthus tuberculatus pollen","Pólen de Amaranthus tuberculatus","Pólen de amaranto de frutos-de-rícino","Pólen de cânhamo-de-água-de-fruta-áspera"
"698721004","115668003","18","Ambrosia artemisiifolia pollen (substance)","Biological substance (substance)","Ambrosia artemisiifolia pollen","Pólen de Ambrosia artemisiifolia","Pólen de ambrósia"," "
"698724007","115668003","19","Ambrosia psilostachya pollen (substance)","Biological substance (substance)","Ambrosia psilostachya pollen","Pólen de Ambrosia Psilostachya"," "," "
"260124000","115668003","20","American beech pollen (substance)","Biological substance (substance)","American beech pollen","Pólen de faia americana"," "," "
"1284968009","762766007","21","American cheese (substance)","Edible substance (substance)","American cheese","Queijo americano"," "," "
"710937009","115668003","22","American cockroach protein (substance)","Biological substance (substance)","American cockroach protein","Proteína da barata-americana"," "," "
"387031005","115668003","23","Amylase (substance)","Biological substance (substance)","Amylase","Amilase"," "," "
"256313003","762766007","24","Ananas comosus (substance)","Edible substance (substance)","Ananas comosus","Ananas comosus","Ananás","Abacaxi"
"735337006","762766007","25","Anchovy (substance)","Edible substance (substance)","Anchovy","Anchovas"," "," "
"264287008","115668003","26","Animal dander (substance)","Biological substance (substance)","Animal dander","Partículas de pele de animal","Pelo de animal","Caspa de animal"
"406472009","0","27","Animal protein and epidermal allergen (substance)"," ","Animal protein and epidermal allergen","Proteína animal e alergénio epidérmico","Proteína animal e alergénio epidérmico"," "
"711062002","0","28","Animal protein and epidermal substance (substance)"," ","Animal protein and epidermal substance","Proteína animal e substância epidérmica"," "," "
"227376006","762766007","29","Anise seed (substance)","Edible substance (substance)","Anise seed","Semente de anis"," "," "
"116637007","0","30","Antigen of Fungus (substance)"," ","Fungus Antigen","Antigénico fúngico ","Antigénico fúngico "," "
"735215001","762766007","31","Apple (substance)","Edible substance (substance)","Apple","Maçã"," "," "
"226491003","762766007","32","Apple juice (substance)","Edible substance (substance)","Apple juice","Sumo de maçã"," "," "
"735214002","762766007","33","Apricot (substance)","Edible substance (substance)","Apricot","Alperce"," "," "
"256293000","115668003","34","Artemisia vulgaris pollen (substance)","Biological substance (substance)","Artemisia vulgaris pollen","Pólen de Artemisia vulgaris","Pólen de artemísia"," "
"227215000","762766007","35","Artichoke (substance)","Edible substance (substance)","Artichoke","Alcachofra"," "," "
"116274004","762766007","36","Artificial sweetener (substance)","Edible substance (substance)","Artificial sweetener","Adoçante artificial"," "," "
"711324007","115668003","37","Ascaris protein (substance)","Biological substance (substance)","Ascaris protein","Proteína de Ascaris"," "," "
"227218003","762766007","38","Asparagus (substance)","Edible substance (substance)","Asparagus","Espargos"," "," "
"11526002","762766007","39","Aspartame (substance)","Edible substance (substance)","Aspartame","Aspartamo"," "," "
"260139004","115668003","40","Australian pine pollen (substance)","Biological substance (substance)","Australian pine pollen","Pólen de pinheiro australiano"," "," "
"260098008","115668003","41","Avena sativa pollen (substance)","Biological substance (substance)","Avena sativa pollen","Pólen de Avena sativa","Pólen de aveia-comum"," "
"735249009","762766007","42","Avocado (substance)","Edible substance (substance)","Avocado","Abacate"," "," "
"386936005","0","43","Azelaic acid (substance)"," ","Azelaic acid ","Ácido azelaico","Ácido azelaico"," "
"2159007","762766007","44","Azorubin S stain (substance)","Edible substance (substance)","Azorubin S stain","Corante Azorubin S","Corante azorrubina"," "
"710224000","762766007","45","Bamboo shoot (substance)","Edible substance (substance)","Bamboo shoot","Rebento de bambu"," "," "
"256307007","762766007","46","Banana (substance)","Edible substance (substance)","Banana","Banana"," "," "
"735124003","762766007","47","Barley (substance)","Edible substance (substance)","Barley","Cevada"," "," "
"710715008","115668003","48","Barley pollen (substance)","Biological substance (substance)","Barley pollen","Pólen de cevada"," "," "
"735106000","762766007","49","Basil (substance)","Edible substance (substance)","Basil","Manjericão"," "," "
"227379004","762766007","50","Bay leaf (substance)","Edible substance (substance)","Bay leaf","Folha de louro"," "," "
"1285116009","115668003","51","Bayberry pollen (substance)","Biological substance (substance)","Bayberry pollen","Pólen de Bayberry","Pólen de Myrica pensylvanica"," "
"256354006","762766007","52","Bean (substance)","Edible substance (substance)","Bean","Feijão"," "," "
"288328004","115668003","53","Bee venom (substance)","Biological substance (substance)","Bee venom ","Veneno de abelha"," "," "
"226916002","762766007","54","Beef (substance)","Edible substance (substance)","Beef","Carne bovina","Carne de vaca"," "
"4700006","115668003","55","Beef insulin (substance)","Biological substance (substance)","Beef insulin","Insulina de carne bovina"," "," "
"227220000","762766007","56","Beetroot (substance)","Edible substance (substance)","Beetroot","Beterraba"," "," "
"91598004","37877001","57","Benzoyl peroxide (substance)","Environmental agent (qualifier value)","Benzoyl peroxide ","Peróxido de benzoílo"," "," "
"710941008","115668003","58","Berlin beetle protein (substance)","Biological substance (substance)","Berlin beetle protein","Proteína do besouro do arroz"," "," "
"260089005","115668003","59","Bermuda grass pollen (substance)","Biological substance (substance)","Bermuda grass pollen","Pólen de capim-das-bermudas","Pólen de erva-gramilheira"," "
"63045006","762766007","60","Berry (substance)","Edible substance (substance)","Berry","Baga","Bagas"," "
"710898000","115668003","61","Beta vulgaris pollen (substance)","Biological substance (substance)","Beta vulgaris pollen","Pólen de Beta vulgaris","Pólen de acelga","Pólen de beterraba"
"1264575008","762766007","62","Beta vulgaris seed (substance)","Edible substance (substance)","Beta vulgaris seed","Semente de Beta vulgaris","Semente de acelga","Semente de beterraba"
"102699000","762766007","63","Beta-lactalbumin (substance)","Edible substance (substance)","Beta-lactalbumin","Beta-lactalbumina"," "," "
"710037007","762766007","64","Beta-lactoglobulin (substance)","Edible substance (substance)","Beta-lactoglobulin","Beta-lactoglobulina"," "," "
"256262001","115668003","65","Betula pendula pollen (substance)","Biological substance (substance)","Betula pendula pollen","Pólen de Betula pendula ","Pólen de bétula prateada"," "
"255640000","37877001","66","Biocide (substance)","Environmental agent (qualifier value)","Biocide","Biocida"," "," "
"1284971001","762766007","67","Black bean (substance)","Edible substance (substance)","Black bean","Feijão preto"," "," "
"412060000","762766007","68","Black pepper (substance)","Edible substance (substance)","Black pepper","Pimenta preta"," "," "
"226476000","762766007","69","Black tea (substance)","Edible substance (substance)","Black tea","Chá preto "," "," "
"227418000","762766007","70","Blackberries (substance)","Edible substance (substance)","Blackberries","Amora silvestre"," "," "
"227419008","762766007","71","Blackcurrants (substance)","Edible substance (substance)","Blackcurrants","Groselhas negras"," "," "
"227343007","762766007","72","Blackeye beans (substance)","Edible substance (substance)","Blackeye beans","Feijão frade"," "," "
"1259878002","762766007","73","Blue cheese (substance)","Edible substance (substance)","Blue cheese","Queijo azul"," "," "
"710182009","762766007","74","Blue mussel (substance)","Edible substance (substance)","Blue mussel","Mexilhão comum"," "," "
"710173003","115668003","75","Blue vetch (substance)","Biological substance (substance)","Blue vetch","Ervilha-de-cheiro"," "," "
"412061001","762766007","76","Blueberries (substance)","Edible substance (substance)","Blueberries","Mirtilos"," "," "
"1258890007","762766007","77","Bos taurus milk boiled (substance)","Edible substance (substance)","Bos taurus milk boiled","Leite de Bos taurus fervido","Leite de vaca fervido"," "
"1258891006","762766007","78","Bos taurus whey (substance)","Edible substance (substance)","Bos taurus whey","Soro de leite Bos taurus","Soro de leite de vaca"," "
"711130002","115668003","79","Bougainvillea pollen (substance)","Biological substance (substance)","Bougainvillea pollen","Pólen de Bougainvillea","Pólen de buganvília"," "
"1284919009","762766007","80","Bovine gelatin (substance)","Edible substance (substance)","Bovine gelatin","Gelatina bovina"," "," "
"710038002","115668003","81","Bovine lactoferrin (substance)","Biological substance (substance)","Bovine lactoferrin","Lactoferrina bovina"," "," "
"412139009","115668003","82","Bovine serum albumin (substance)","Biological substance (substance)","Bovine serum albumin","Albumina sérica bovina"," "," "
"260122001","115668003","83","Box elder pollen (substance)","Biological substance (substance)","Box elder pollen","Pólen de acer negundo"," "," "
"261243003","37877001","84","Brass (substance)","Environmental agent (qualifier value)","Brass","Latão"," "," "
"256351003","762766007","85","Brazil nut (substance)","Edible substance (substance)","Brazil nut","Castanha do Brasil"," "," "
"226789007","762766007","86","Breast milk (substance)","Edible substance (substance)","Breast milk","Leite materno "," "," "
"735123009","762766007","87","Broccoli (substance)","Edible substance (substance)","Broccoli","Brócolis"," "," "
"260096007","115668003","88","Brome grass pollen (substance)","Biological substance (substance)","Brome grass pollen","Pólen de Bromus","Pólen de bromo"," "
"735122004","762766007","89","Brussels sprouts (substance)","Edible substance (substance)","Brussels sprouts","Couve de Bruxelas"," "," "
"226723006","762766007","90","Buckwheat - cereal (substance)","Edible substance (substance)","Buckwheat - cereal","Trigo sarraceno - cereal","Trigo mourisco - cereal"," "
"260160005","115668003","91","Budgerigar droppings (substance)","Biological substance (substance)","Budgerigar droppings","Excrementos de periquito-comum","Excrementos de periquito-australiano"," "
"256436008","115668003","92","Budgerigar feathers (substance)","Biological substance (substance)","Budgerigar feathers","Penas de periquito-comum","Penas de periquito-australiano"," "
"288460008","115668003","93","Bumble bee venom (substance)","Biological substance (substance)","Bumble bee venom","Veneno de abelhão"," "," "
"226888007","762766007","94","Butter (substance)","Edible substance (substance)","Butter","Manteiga "," "," "
"735108004","762766007","95","Cabbage (substance)","Edible substance (substance)","Cabbage","Couve","Repolho"," "
"260134009","115668003","96","Cajeput tree pollen (substance)","Biological substance (substance)","Cajeput tree pollen","Pólen de árvore de Cajeput"," "," "
"711064001","115668003","97","Canary bird feathers (substance)","Biological substance (substance)","Canary bird feathers","Penas de canário"," "," "
"260104004","115668003","98","Canary grass pollen (substance)","Biological substance (substance)","Canary grass pollen","Pólen de alpista","Pólen de Phalaris canariensis"," "
"412062008","762766007","99","Cantaloupe (substance)","Edible substance (substance)","Cantaloupe","Meloa"," "," "
"421556008","115668003","100","Capsicum (substance)","Biological substance (substance)","Capsicum","Capsicum ","Pimento"," "
"59365002","115668003","101","Caraway oil (substance)","Biological substance (substance)","Caraway oil","Óleo de alcaravia"," "," "
"9021002","37877001","102","Carbaryl (substance)","Environmental agent (qualifier value)","Carbaryl ","Carbaril","Éster de ácido methilcarbamic 1-naphthil "," "
"710049008","762766007","103","Cardamon (substance)","Edible substance (substance)","Cardamon","Cardamomo"," "," "
"412601002","762766007","104","Carob (substance)","Edible substance (substance)","Carob","Alfarroba","Alfarrobeira"," "
"256319004","762766007","105","Carrot (substance)","Edible substance (substance)","Carrot","Cenoura"," "," "
"472740000","115668003","106","Carya pollen (substance)","Biological substance (substance)","Carya pollen","Pólen de Carya"," "," "
"284941009","115668003","107","Carya tomentosa pollen (substance)","Biological substance (substance)","Carya tomentosa pollen","Pólen de Carya tomentosa","Pólen de nogueira mockernut"," "
"50593009","762766007","108","Casein (substance)","Edible substance (substance)","Casein","Caseína"," "," "
"227493005","762766007","109","Cashew nut (substance)","Edible substance (substance)","Cashew nut","Castanha de caju","Caju"," "
"710725003","115668003","110","Castanea sativa pollen (substance)","Biological substance (substance)","Castanea sativa pollen","Pólen de Castanea sativa","Pólen de castanheiro","Pólen de castanheiro-comum"
"260201000","762766007","111","Castor bean (substance)","Edible substance (substance)","Castor bean","Rícino","Sementes de rícino"," "
"260152009","115668003","112","Cat dander (substance)","Biological substance (substance)","Cat dander","Partículas de pele de gato","Pelo de gato","Caspa de gato"
"412140006","115668003","113","Cat serum albumin (substance)","Biological substance (substance)","Cat serum albumin","Albumina de soro de gato"," "," "
"726762008","762766007","114","Catfish (substance)","Edible substance (substance)","Catfish","Peixe-gato"," "," "
"256328003","762766007","115","Cauliflower (substance)","Edible substance (substance)","Cauliflower","Couve-flor"," "," "
"412113006","115668003","116","Cayenne (substance)","Biological substance (substance)","Cayenne","Pimenta de Cayenne"," "," "
"289946009","115668003","117","Cedar pollen (substance)","Biological substance (substance)","Cedar pollen","Pólen de cedro"," "," "
"256326004","762766007","118","Celery (substance)","Edible substance (substance)","Celery","Aipo"," "," "
"472743003","115668003","119","Celtis pollen (substance)","Biological substance (substance)","Celtis pollen","Pólen de celtis","Pólen de agreira"," "
"23182003","762766007","120","Cereal (substance)","Edible substance (substance)","Cereal","Cereal"," "," "
"710902006","115668003","121","Chamomile pollen (substance)","Biological substance (substance)","Chamomile pollen","Pólen de camomila"," "," "
"226820002","762766007","122","Cheddar cheese (substance)","Edible substance (substance)","Cheddar cheese","Queijo cheddar"," "," "
"102264005","762766007","123","Cheese (substance)","Edible substance (substance)","Cheese","Queijo"," "," "
"1285421000","115668003","124","Chenopodium album pollen (substance)","Biological substance (substance)","Chenopodium album pollen","Pólen de Chenopodium album","Pólen de ansarina-branca","Catassol"
"735248001","762766007","125","Cherry (substance)","Edible substance (substance)","Cherry","Cereja"," "," "
"260188004","762766007","126","Chestnut (substance)","Edible substance (substance)","Chestnut","Castanha"," "," "
"227346004","762766007","127","Chick peas (substance)","Edible substance (substance)","Chick peas","Grão de bico"," "," "
"226955001","762766007","128","Chicken - meat (substance)","Edible substance (substance)","Chicken - meat","Carne de frango"," "," "
"711071006","115668003","129","Chicken droppings (substance)","Biological substance (substance)","Chicken droppings","Excrementos de frango"," "," "
"260165000","115668003","130","Chicken feathers (substance)","Biological substance (substance)","Chicken feathers","Penas de frango"," "," "
"711072004","115668003","131","Chicken serum protein (substance)","Biological substance (substance)","Chicken serum protein","Proteína de soro de galinha"," "," "
"710040007","115668003","132","Chili pepper (substance)","Biological substance (substance)","Chili pepper","Pimenta"," "," "
"711073009","115668003","133","Chinchilla epithelium (substance)","Biological substance (substance)","Chinchilla epithelium","Epitélio da chinchila"," "," "
"227387003","762766007","134","Chive - herb (substance)","Edible substance (substance)","Chive - herb","Cebolinha","Cebolinho"," "
"102262009","762766007","135","Chocolate (substance)","Edible substance (substance)","Chocolate","Chocolate"," "," "
"111070004","37877001","136","Chromium (substance) ","Environmental agent (qualifier value)","Chromium","Crómio"," "," "
"227388008","762766007","137","Cinnamon (substance)","Edible substance (substance)","Cinnamon","Canela"," "," "
"59351004","37877001","138","Citrate (substance)","Environmental agent (qualifier value)","Citrate ","Citrato","Ácido cítrico"," "
"102259006","762766007","139","Citrus fruit (substance)","Edible substance (substance)","Citrus fruit","Citrinos"," "," "
"256316006","762766007","140","Citrus reticulata (substance)","Edible substance (substance)","Citrus reticulata","Citrus reticulata","Tangerina"," "
"1268337001","115668003","141","Citrus sinensis pollen (substance)","Biological substance (substance)","Citrus sinensis pollen","Pólen de Citrus sinensis","Pólen de laranjeira"," "
"1269112009","762766007","142","Citrus X aurantiifolia (substance)","Edible substance (substance)","Citrus X aurantiifolia","Citrus x aurantiifolia","Lima-comum"," "
"736030007","762766007","143","Clam (substance)","Edible substance (substance)","Clam","Amêijoa"," "," "
"227420002","762766007","144","Clementine (substance)","Edible substance (substance)","Clementine","Clementina"," "," "
"11894001","115668003","145","Clostridium botulinum toxin (substance)","Biological substance (substance)","Clostridium botulinum toxin ","Toxina botulínica","Toxina de Clostridium botulinum","Botox"
"227389000","762766007","146","Clove (substance)","Edible substance (substance)","Clove","Cravo-da-índia"," "," "
"304111003","115668003","147","Cobalamin (substance)","Biological substance (substance)","Cobalamin","Cobalamina"," "," "
"260112007","115668003","148","Cocklebur pollen (substance)","Biological substance (substance)","Cocklebur pollen","Pólen de xântio","Pólen de arzola","Pólen de Xanthium"
"227147001","762766007","149","Cockles (substance)","Edible substance (substance)","Cockles","Berbigão "," "," "
"14241002","0","150","Cockroach (organism)"," ","Cockroach ","Barata","Barata"," "
"260090001","115668003","151","Cocksfoot grass pollen (substance)","Biological substance (substance)","Cocksfoot grass pollen","Pólen de dactila","Pólen de erva-dos-combros"," "
"80237000","762766007","152","Cocoa butter (substance)","Edible substance (substance)","Cocoa butter","Manteiga de cacau"," "," "
"735211005","762766007","153","Coconut (substance)","Edible substance (substance)","Coconut","Coco"," "," "
"735245003","762766007","154","Cod (substance)","Edible substance (substance)","Cod","Bacalhau"," "," "
"29263009","762766007","155","Coffee (substance)","Edible substance (substance)","Coffee","Café"," "," "
"311443003","115668003","156","Coffee bean dust (substance)","Biological substance (substance)","Coffee bean dust","Pó de grão de café"," "," "
"710220009","115668003","157","Common millet (substance)","Biological substance (substance)","Common millet","Milho-miúdo","Milheto","Painço-vermelho"
"260091002","115668003","158","Common reed pollen (substance)","Biological substance (substance)","Common reed pollen","Pólen de carrizo","Pólen de Phragmites australis"," "
"260193001","115668003","159","Common wasp venom (substance)","Biological substance (substance)","Common wasp venom","Veneno de vespa comum "," "," "
"406473004","0","160","Contact allergen (substance)"," ","Contact allergen","Alergénico de contacto","Níquel e outros metais de contacto"," "
"66925006","37877001","161","Copper (substance)","Environmental agent (qualifier value)","Copper","Cobre"," "," "
"227390009","762766007","162","Coriander leaf (substance)","Edible substance (substance)","Coriander leaf","Folha de coentro"," "," "
"227391008","762766007","163","Coriander seed (substance)","Edible substance (substance)","Coriander seed","Semente de coentro"," "," "
"412357001","762766007","164","Corn (substance)","Edible substance (substance)","Corn","Milho"," "," "
"229936000","762766007","165","Cornflour (substance)","Edible substance (substance)","Cornflour","Farinha de milho"," "," "
"289122001","37877001","166","Cosmetic material (substance)","Environmental agent (qualifier value)","Cosmetic material","Cosméticos"," "," "
"226814003","762766007","167","Cottage cheese (substance)","Edible substance (substance)","Cottage cheese","Queijo tipo cottage"," "," "
"89889006","115668003","168","Cotton fiber (substance)","Biological substance (substance)","Cotton fiber","Fibra de algodão"," "," "
"260204008","762766007","169","Cotton seed (substance)","Edible substance (substance)","Cotton seed","Semente de algodão"," "," "
"712720004","115668003","170","Cottonwood pollen (substance)","Biological substance (substance)","Cottonwood pollen","Pólen de álamo"," "," "
"260153004","115668003","171","Cow dander (substance)","Biological substance (substance)","Cow dander","Partículas de pele de vaca","Pelo de vaca","Caspa de vaca"
"3718001","762766007","172","Cow's milk (substance)","Edible substance (substance)","Cow's milk","Leite de vaca"," "," "
"264295007","762766007","173","Cow's milk protein (substance)","Edible substance (substance)","Cow's milk protein","Proteína do leite de vaca"," "," "
"736159005","762766007","174","Crab (substance)","Edible substance (substance)","Crab","Caranguejo"," "," "
"227421003","762766007","175","Cranberries (substance)","Edible substance (substance)","Cranberries","Arandos"," "," "
"735972003","762766007","176","Crayfish (substance)","Edible substance (substance)","Crayfish","Lagostim"," "," "
"226849005","762766007","177","Cream cheese (substance)","Edible substance (substance)","Cream cheese","Queijo cremoso"," "," "
"735213008","762766007","178","Cucumber (substance)","Edible substance (substance)","Cucumber","Pepino"," "," "
"1264568007","762766007","179","Cucumis melo (substance)","Edible substance (substance)","Cucumis melo","Cucumis melo","Melão"," "
"260097003","115668003","180","Cultivated rye pollen (substance)","Biological substance (substance)","Cultivated rye pollen","Pólen de centeio cultivado"," "," "
"260099000","115668003","181","Cultivated wheat pollen (substance)","Biological substance (substance)","Cultivated wheat pollen","Pólen de trigo cultivado"," "," "
"227392001","762766007","182","Cumin seed (substance)","Edible substance (substance)","Cumin seed","Semente de cominho"," "," "
"1268858004","115668003","183","Cupressus arizonica pollen (substance)","Biological substance (substance)","Cupressus arizonica pollen","Pólen de Cupressus arizonica","Pólen de cipreste do arizona"," "
"227395004","762766007","184","Curry powder (substance)","Edible substance (substance)","Curry powder","Caril em pó"," "," "
"38946001","0","185","Cuttlefish (organism)"," ","Cuttlefish ","Choco","Chocos"," "
"726759005","762766007","186","Cuttlefish (substance)","Edible substance (substance)","Cuttlefish","Choco"," "," "
"289949002","115668003","187","Cypress pollen (substance)","Biological substance (substance)","Cypress pollen","Pólen de cipreste"," "," "
"1264569004","115668003","188","Cytisus scoparius pollen (substance","Biological substance (substance)","Cytisus scoparius pollen","Pólen de Cytisus scoparius ","Pólen de giesta"," "
"226760005","0","189","Dairy foods (substance)"," ","Dairy foods ","Laticínios","Leite e seus derivados","Leite, queijo e manteiga"
"256297004","115668003","190","Dandelion pollen (substance)","Biological substance (substance)","Dandelion pollen","Pólen de dente de leão"," "," "
"227423000","762766007","191","Dates - food (substance)","Edible substance (substance)","Dates - food","Tâmara"," "," "
"256331002","762766007","192","Dill (substance)","Edible substance (substance)","Dill","Endro","Aneto"," "
"396031000","37877001","193","Dimeticone (substance)","Environmental agent (qualifier value)","Dimethicone","Dimeticone"," "," "
"387293003","37877001","194","Dithranol (substance)","Environmental agent (qualifier value)","Anthralin","Antralina"," "," "
"260154005","115668003","195","Dog dander (substance)","Biological substance (substance)","Dog dander","Partículas de pele de cão","Pelo de cão","Caspa de cão"
"256411002","115668003","196","Dog epithelium (substance)","Biological substance (substance)","Dog epithelium","Epitélio de cão"," "," "
"711075002","115668003","197","Dog serum albumin (substance)","Biological substance (substance)","Dog serum albumin","Albumina de soro de cão"," "," "
"710732007","115668003","198","Douglas fir pollen (substance)","Biological substance (substance)","Douglas fir pollen","Pólen de abeto-de-douglas"," "," "
"63338004","37877001","199","Drug flavoring (product)","Environmental agent (qualifier value)","Drug flavoring","Agente aromatizante"," "," "
"226963000","762766007","200","Duck - meat (substance)","Edible substance (substance)","Duck - meat","Carne de pato"," "," "
"256412009","115668003","201","Duck feathers (substance)","Biological substance (substance)","Duck feathers","Penas de pato"," "," "
"33008008","37877001","202","Dust (substance)","Environmental agent (qualifier value)","Dust","Pó"," "," "
"61789006","37877001","203","Dye (substance)","Environmental agent (qualifier value)","Dye","Tintas para têxteis","Corantes para têxteis"," "
"762766007","0","204","Edible substance (substance)"," ","Edible substance","Substância comestível","Substância comestível"," "
"735246002","762766007","205","Eel (substance)","Edible substance (substance)","Eel","Enguia"," "," "
"303300008","762766007","206","Egg protein (substance)","Edible substance (substance)","Egg protein","Proteína de ovo"," "," "
"256443002","762766007","207","Egg white (substance)","Edible substance (substance)","Egg white","Clara de ovo"," "," "
"256442007","762766007","208","Egg yolk (substance)","Edible substance (substance)","Egg yolk","Gema de ovo"," "," "
"227219006","762766007","209","Eggplant (substance)","Edible substance (substance)","Eggplant","Beringela"," "," "
"102263004","762766007","210","Eggs (edible) (substance)","Edible substance (substance)","Eggs (edible)","Ovos (comestíveis)","Ovo"," "
"472724003","115668003","211","Elaeagnus angustifolia pollen (substance)","Biological substance (substance)","Elaeagnus angustifolia pollen","Pólen de Elaeagnus angustifolia","Pólen de árvore-do-paraíso","Pólen de oliveira-do-paraíso"
"289948005","115668003","212","Elder pollen (substance)","Biological substance (substance)","Elder pollen","Pólen de sabugueiro"," "," "
"256272003","115668003","213","Elm pollen (substance)","Biological substance (substance)","Elm pollen","Pólen de úlmeiro"," "," "
"256294006","115668003","214","English plantain pollen (substance)","Biological substance (substance)","English plantain pollen","Pólen de língua-de-ovelha","Pólen de corrijó","Pólen de acatá"
"710935001","115668003","215","Ephestia kuehniella protein (substance)","Biological substance (substance)","Ephestia kuehniella protein","Proteína de Ephestia kuehniella","Proteína de traça dos cereais"," "
"115589000","37877001","216","Ethanolamine (substance)","Environmental agent (qualifier value)","Ethanolamine","Etanolamina"," "," "
"12510000","115668003","217","Eucalyptus oil (substance)","Biological substance (substance)","Eucalyptus oil","Óleo de eucalipto"," "," "
"260131001","115668003","218","Eucalyptus pollen (substance)","Biological substance (substance)","Eucalyptus pollen","Pólen de eucalipto"," "," "
"1285420004","115668003","219","Eupatorium capillifolium pollen (substance)","Biological substance (substance)","Eupatorium capillifolium pollen","Pólen de Eupatorium capillifolium "," "," "
"260196009","115668003","220","European hornet venom (substance)","Biological substance (substance)","European hornet venom","Veneno de vespa europeia"," "," "
"710712006","115668003","221","False oat grass pollen (substance)","Biological substance (substance)","False oat grass pollen","Pólen de aveia perene","Pólen de Arrhenatherum elatius"," "
"260107006","115668003","222","False ragweed pollen (substance)","Biological substance (substance)","False ragweed pollen","Pólen de falsa ambrósia","Pólen de Ambrosia acanthicarpa"," "
"422304003","0","223","Family Poaceae (organism)"," ","Poaceae","Gramíneas","Gramíneas"," "
"256435007","115668003","224","Feather (substance)","Biological substance (substance)","Feather","Pena","Pluma","Penugem"
"227396003","762766007","225","Fennel (substance)","Edible substance (substance)","Fennel","Funcho","Erva-doce"," "
"227244003","762766007","226","Fenugreek (substance)","Edible substance (substance)","Fenugreek","Feno-grego"," "," "
"711076001","115668003","227","Ferret epithelium (substance)","Biological substance (substance)","Ferret epithelium","Epitélio de furão"," "," "
"1285305006","115668003","228","Ficus benjamina pollen (substance)","Biological substance (substance)","Ficus benjamina pollen","Pólen de Ficus benjamina ","Pólen de figueira-benjamim"," "
"227425007","762766007","229","Figs (substance)","Edible substance (substance)","Figs","Figo","Figos"," "
"711065000","115668003","230","Finch feathers (substance)","Biological substance (substance)","Finch feathers","Penas de tentilhões"," "," "
"260116005","115668003","231","Firebush pollen (substance)","Biological substance (substance)","Firebush pollen","Pólen de hamamelis"," "," "
"90580008","0","232","Fish (organism)"," ","Fish","Peixe"," "," "
"735971005","762766007","233","Fish (substance)","Edible substance (substance)","Fish","Peixe"," "," "
"406774009","115668003","234","Fish derived omega 3 fatty acid (substance)","Biological substance (substance)","Fish derived omega 3 fatty acid","Ácido gordo ómega 3 derivado de peixe","Ácidos gosrdos ómega 3"," "
"735341005","115668003","235","Fish oil (substance)","Biological substance (substance)","Fish oil","Óleo de peixe"," "," "
"425933003","115668003","236","Flax dust (substance)","Biological substance (substance)","Flax dust","Pó de linho"," "," "
"63766005","762766007","237","Flour (substance)","Edible substance (substance)","Flour","Farinha"," "," "
"256292005","115668003","238","Flower and weed pollen (substance)","Biological substance (substance)","Flower and weed pollen","Pólen de flores e ervas daninhas"," "," "
"255620007","762766007","239","Food (substance)","Edible substance (substance)","Food","Comida"," "," "
"59533004","762766007","240","Food additive (substance)","Edible substance (substance)","Food additive","Aditivo alimentar","Suplemento alimentar"," "
"406465008","0","241","Food allergen (substance)"," ","Food allergen","Outro alimento","Outro alergénio alimentar"," "
"80259003","762766007","242","Food flavoring agent (substance)","Edible substance (substance)","Food flavoring agent","Agente aromatizante de alimentos"," "," "
"51386004","762766007","243","Food preservative (substance)","Edible substance (substance)","Food preservative","Conservante alimentar"," "," "
"1264513008","115668003","244","Fraxinus excelsior pollen (substance)","Biological substance (substance)","Fraxinus excelsior pollen","Pólen de Fraxinus excelsior","Pólen de freixo-europeu"," "
"58202007","115668003","245","Fructose (substance)","Biological substance (substance)","Fructose","Frutose "," "," "
"72511004","762766007","246","Fruit (substance)","Edible substance (substance)","Fruit","Fruta"," "," "
"788778006","115668003","247","Galactose","Biological substance (substance)","Galactose","Galactose"," "," "
"735030001","762766007","248","Garlic (substance)","Edible substance (substance)","Garlic","Alho"," "," "
"373531009","762766007","249","Gelatin (substance)","Edible substance (substance)","Gelatin","Gelatina"," "," "
"412149007","115668003","250","Gerbil epithelium (substance)","Biological substance (substance)","Gerbil epithelium","Epitélio de gerbo","Epitélio de gerbil","Epitélio de-esquilo da-mongólia"
"710930006","115668003","251","German cockroach protein (substance)","Biological substance (substance)","German cockroach protein","Proteína da barata-germânica"," "," "
"260106002","115668003","252","Giant ragweed pollen (substance)","Biological substance (substance)","Giant ragweed pollen","Pólen de ambrósia gigante"," "," "
"227400003","762766007","253","Ginger (substance)","Edible substance (substance)","Ginger","Gengibre"," "," "
"57126000","37877001","254","Glue (substance)","Environmental agent (qualifier value)","Glue ","Cola "," "," "
"430503006","115668003","255","Glutamate (substance)","Biological substance (substance)","Glutamate ","Glutamato"," "," "
"89811004","762766007","256","Gluten (substance)","Edible substance (substance)","Gluten","Glúten"," "," "
"256355007","762766007","257","Glycine max (substance)","Edible substance (substance)","Glycine max","Glycine max","Soja","Feijão de soja"
"1259872001","115668003","258","Glycine max dust (substance)","Biological substance (substance)","Glycine max dust","Pó de Glycine max","Pó de soja","Pó de feijão de soja"
"256413004","115668003","259","Goat epithelium (substance)","Biological substance (substance)","Goat epithelium","Epitélio de cabra"," "," "
"83595008","762766007","260","Goat's milk (substance)","Edible substance (substance)","Goat's milk","Leite de cabra"," "," "
"226852002","762766007","261","Goats milk soft cheese (substance)","Edible substance (substance)","Goats milk soft cheese","Queijo macio de leite de cabra"," "," "
"2309006","37877001","262","Gold (substance)","Environmental agent (qualifier value)","Gold ","Ouro"," "," "
"710907000","115668003","263","Goldenrod pollen (substance)","Biological substance (substance)","Goldenrod pollen","Pólen de solidago"," "," "
"256414005","115668003","264","Goose feathers (substance)","Biological substance (substance)","Goose feathers","Penas de ganso"," "," "
"264331002","762766007","265","Grain (substance)","Edible substance (substance)","Grain","Grão"," "," "
"256315005","762766007","266","Grapefruit (substance)","Edible substance (substance)","Grapefruit","Toranja"," "," "
"256317002","762766007","267","Grapes (substance)","Edible substance (substance)","Grapes","Uvas"," "," "
"256277009","115668003","268","Grass pollen (substance)","Biological substance (substance)","Grass pollen ","Pólen de gramíneas"," "," "
"256318007","762766007","269","Green bean (substance)","Edible substance (substance)","Green bean","Feijão verde"," "," "
"1258894003","115668003","270","Green coffee bean (substance)","Biological substance (substance)","Green coffee bean","Grão de café verde"," "," "
"412194001","762766007","271","Green tea (substance)","Edible substance (substance)","Green tea","Chá verde "," "," "
"710722000","115668003","272","Grey alder pollen (substance)","Biological substance (substance)","Grey alder pollen","Pólen de amieiro cinzento"," "," "
"395734009","115668003","273","Guar gum (substance)","Biological substance (substance)","Guar gum","Goma de guar"," "," "
"256415006","115668003","274","Guinea-pig epithelium (substance)","Biological substance (substance)","Guinea-pig epithelium","Epitélio de porquinho da índia"," "," "
"8687009","115668003","275","Gum arabic (substance)","Biological substance (substance)","Gum arabic","Goma arábica"," "," "
"735033004","762766007","276","Haddock (substance)","Edible substance (substance)","Haddock","Hadoque","Aglefim","Arinca"
"412145001","37877001","277","Hair dye (substance)","Environmental agent (qualifier value)","Hair dye ","Tinta para o cabelo","Tinta para coloração de cabelo"," "
"227066004","762766007","278","Hake (substance)","Edible substance (substance)","Hake","Hake","Pescada"," "
"227067008","762766007","279","Halibut (substance)","Edible substance (substance)","Halibut","Linguado"," "," "
"260164001","115668003","280","Hamster epithelium (substance)","Biological substance (substance)","Hamster epithelium","Epitélio de hamster"," "," "
"255703002","115668003","281","Hay dust (substance)","Biological substance (substance)","Hay dust","Pó de feno"," "," "
"256263006","115668003","282","Hazel pollen (substance)","Biological substance (substance)","Hazel pollen","Pólen de aveleira","Pólen de avelãzeira"," "
"256353000","762766007","283","Hazelnut (substance)","Edible substance (substance)","Hazelnut","Avelã"," "," "
"37017009","0","284","Helminth (navigational concept)"," ","Helminth","Helmintas","Helmintas"," "
"711322006","115668003","285","Helminth protein (substance)","Biological substance (substance)","Helminth protein","Proteína de helmintas","Helmintas"," "
"227374009","762766007","286","Herbs and spices (substance)","Edible substance (substance)","Herbs and spices","Ervas e especiarias","Ervas aromáticas e especiarias"," "
"735035006","762766007","287","Herring (substance)","Edible substance (substance)","Herring","Arenque"," "," "
"255769001","37877001","288","Hexahydrophthalic anhydride (substance)","Environmental agent (qualifier value)","Hexahydrophthalic anhydride","Anidrido hexa-hidroftálico"," "," "
"1258893009","762766007","289","Hibiscus tea (substance)","Edible substance (substance)","Hibiscus tea","Chá de hibisco"," "," "
"227598003","762766007","290","Honey (substance)","Edible substance (substance)","Honey","Mel"," "," "
"256439001","115668003","291","Honey bee venom (substance)","Biological substance (substance)","Honey bee venom","Veneno de abelha do mel","Veneno de abelha europeia","Veneno de abelha-melífera"
"710172008","762766007","292","Hop (substance)","Edible substance (substance)","Hop","Lúpulo"," "," "
"710723005","115668003","293","Horn beam pollen (substance)","Biological substance (substance)","Horn beam pollen","Pólen de carpino comum","Pólen de carpino europeu"," "
"710171001","762766007","294","Horse - meat (substance)","Edible substance (substance)","Horse - meat","Carne de cavalo"," "," "
"710721007","115668003","295","Horse chestnut pollen (substance)","Biological substance (substance)","Horse chestnut pollen","Pólen de castanheiro-da-Índia"," "," "
"256417003","115668003","296","Horse dander (substance)","Biological substance (substance)","Horse dander","Partícula de pele de cavalo","Pelo de cavalo","Caspa de cavalo"
"256418008","115668003","297","Horse epithelium (substance)","Biological substance (substance)","Horse epithelium","Epitélio de cavalo"," "," "
"128488006","37877001","298","House dust (substance)","Environmental agent (qualifier value)","House dust","Pó da casa","Pó doméstico"," "
"406466009","0","299","House dust allergen (substance)"," ","House dust allergen","Pó da casa - Alergénio","Pó da casa "," "
"96367001","115668003","300","Human insulin (substance)","Biological substance (substance)","Human insulin","Insulina humana"," "," "
"406470001","0","301","Insect allergen (substance)"," ","Insect allergen","Insetos - Alergénio","Insetos "," "
"412150007","115668003","302","Insect debris (substance)","Biological substance (substance)","Insect debris","Excremento de inseto"," "," "
"736258006","115668003","303","Insect salivary substance (substance)","Biological substance (substance)","Insect salivary substance","Substância salivar de insetos"," "," "
"280939008","115668003","304","Insect venom (substance)","Biological substance (substance)","Insect venom","Veneno de inseto"," "," "
"3829006","37877001","305","Iron (substance)","Environmental agent (qualifier value)","Iron ","Ferro"," "," "
"260136006","115668003","306","Italian cypress pollen (substance)","Biological substance (substance)","Italian cypress pollen","Pólen de cipreste-italiano"," "," "
"227247005","762766007","307","Jackfruit (substance)","Edible substance (substance)","Jackfruit","Jaca"," "," "
"260130000","115668003","308","Japanese cedar pollen (substance)","Biological substance (substance)","Japanese cedar pollen","Pólen de cedro japonês"," "," "
"260119003","115668003","309","Japanese hop pollen (substance)","Biological substance (substance)","Japanese hop pollen","Pólen de lúpulo japonês"," "," "
"260095006","115668003","310","Johnson grass pollen (substance)","Biological substance (substance)","Johnson grass pollen","Pólen de Sorghum halepense","Pólen de Johnson grass"," "
"1268862005","115668003","311","Juglans californica pollen (substance)","Biological substance (substance)","Juglans californica pollen","Pólen de Juglans californica","Pólen de nogueira da califórnia"," "
"1268860002","115668003","312","Juglans nigra pollen (substance)","Biological substance (substance)","Juglans nigra pollen","Pólen de Juglans nigra","Pólen de nogueira-americana","Pólen de nogueira-preta"
"1264473004","115668003","313","Juglans regia pollen (substance)","Biological substance (substance)","Juglans regia pollen","Pólen de Juglans regia","Pólen de nogueira-comum","Pólen de nogueira"
"1268335009","115668003","314","Juniperus virginiana pollen (substance)","Biological substance (substance)","Juniperus virginiana pollen","Pólen de Juniperus virginiana","Pólen de zimbro-da-virgínia"," "
"256286004","115668003","315","Kentucky blue grass pollen (substance)","Biological substance (substance)","Kentucky blue grass pollen","Pólen de cabelo-de-cão-de-colmo-liso","Pólen de erva-de-febra"," "
"31006001","0","316","Kingdom Plantae (organism)"," ","Kingdom Plantae ","Fetos","Fetos"," "
"260176001","762766007","317","Kiwi fruit (substance)","Edible substance (substance)","Kiwi fruit","Fruta Kiwi","Kiwi"," "
"47703008","115668003","318","Lactose (substance)","Biological substance (substance)","Lactose","Lactose"," "," "
"226942002","762766007","319","Lamb - meat (substance)","Edible substance (substance)","Lamb - meat","Carne de cordeiro","Cordeiro","Borrego"
"42416001","115668003","320","Lanolin (substance)","Biological substance (substance)","Lanolin ","Lanolina"," "," "
"111088007","115668003","321","Latex (substance)","Biological substance (substance)","Latex","Látex"," "," "
"726755004","762766007","322","Leek (substance)","Edible substance (substance)","Leek","Alho-francês"," "," "
"735340006","762766007","323","Lemon (substance)","Edible substance (substance)","Lemon","Limão"," "," "
"710894003","115668003","324","Lenscale pollen (substance)","Biological substance (substance)","Lenscale pollen","Pólen de erva-sal","Pólen de Atriplex lentiformis"," "
"227350006","762766007","325","Lentils (substance)","Edible substance (substance)","Lentils","Lentilhas"," "," "
"711097000","115668003","326","Lepidoglyphus destructor protein (substance)","Biological substance (substance)","Lepidoglyphus destructor protein","Proteína de Lepidoglyphus destructor","Proteína de acáro dos produtos armazenados"," "
"735042006","762766007","327","Lettuce (substance)","Edible substance (substance)","Lettuce","Alface"," "," "
"472739002","115668003","328","Ligustrum pollen (substance)","Biological substance (substance)","Ligustrum pollen","Pólen de Ligustrum","Pólen de alfeneiro"," "
"412056003","762766007","329","Lima beans (substance)","Edible substance (substance)","Lima beans","Feijão-de-lima"," "," "
"227430006","762766007","330","Lime (substance)","Edible substance (substance)","Lime","Lima"," "," "
"289952005","115668003","331","Lime pollen (substance)","Biological substance (substance)","Lime pollen","Pólen de tília"," "," "
"710178007","762766007","332","Linseed (substance)","Edible substance (substance)","Linseed","Linhaça","Sementes de linhaça"," "
"736162008","762766007","333","Lobster (substance)","Edible substance (substance)","Lobster","Lagosta"," "," "
"1264573001","115668003","334","Lolium perenne pollen (substance)","Biological substance (substance)","Lolium perenne pollen","Pólen de Lolium perenne","Pólen de azevém-perene"," "
"710731000","115668003","335","London plane pollen (substance)","Biological substance (substance)","London plane pollen","Pólen de plátano"," "," "
"710176006","762766007","336","Lovage (substance)","Edible substance (substance)","Lovage","Levístico"," "," "
"710901004","115668003","337","Lupin pollen (substance)                                                                                                                                                                     ","Biological substance (substance)","Lupin pollen","Pólen de lupino","Pólen de tremoceiro"," "
"710179004","762766007","338","Lupine seed (substance)","Edible substance (substance)","Lupine seed","Semente de tremoceiro","Tremoço"," "
"227433008","762766007","339","Lychee (substance)","Edible substance (substance)","Lychee","Lichia"," "," "
"13477003","115668003","340","Lysozyme (substance)","Biological substance (substance)","Lysozyme","Lisozima"," "," "
"227501001","762766007","341","Macadamia nut (substance)","Edible substance (substance)","Macadamia nut","Noz de macadamia "," "," "
"735043001","762766007","342","Mackerel (substance)","Edible substance (substance)","Mackerel","Cavalinha"," "," "
"710180001","115668003","343","Malt (substance)","Biological substance (substance)","Malt","Malte"," "," "
"1003736004","762766007","344","Mammalian milk based food (substance)","Edible substance (substance)","Mammalian milk based food","Alimentos à base de leite de mamíferos","Laticínios","Leite e seus derivados"
"1264563003","115668003","345","Mangifera indica pollen (substance)","Biological substance (substance)","Mangifera indica pollen","Pólen de Mangifera indica","Pólen de mangueira"," "
"260179008","762766007","346","Mango fruit (substance)                                                                                                                                                                       ","Edible substance (substance)","Mango fruit","Fruta manga","Manga"," "
"710181002","115668003","347","Mare's milk protein (substance)","Biological substance (substance)","Mare's milk protein","Proteína do leite de égua"," "," "
"226890008","762766007","348","Margarine (substance)","Edible substance (substance)","Margarine","Margarina "," "," "
"735977009","762766007","349","Marine crustacean (substance)","Edible substance (substance)","Marine crustacean","Crustáceo marinho"," "," "
"227405008","762766007","350","Marjoram (substance)","Edible substance (substance)","Marjoram","Manjerona"," "," "
"256279007","115668003","351","Meadow fescue pollen (substance)","Biological substance (substance)","Meadow fescue pollen","Pólen de festuca do prado"," "," "
"260100008","115668003","352","Meadow foxtail pollen (substance)","Biological substance (substance)","Meadow foxtail pollen","Pólen de cauda-de-raposa-dos-prados"," "," "
"28647000","762766007","353","Meat (substance)","Edible substance (substance)","Meat","Carne"," "," "
"716624002","115668003","354","Medicago sativa (substance)","Biological substance (substance)","Medicago sativa","Medicago sativa","Alfalfa"," "
"710175005","762766007","355","Megrim (substance)","Edible substance (substance)","Megrim","Linguado-areeiro"," "," "
"260177005","762766007","356","Melon (substance)","Edible substance (substance)","Melon","Melão"," "," "
"1284966008","115668003","357","Meriones unguiculatus hair (substance)","Biological substance (substance)","Meriones unguiculatus hair","Pelo de Meriones unguiculatus","Pelo de gerbo","Pelo de esquilo-da-mongólia"
"260133003","115668003","358","Mesquite pollen (substance)","Biological substance (substance)","Mesquite pollen","Pólen de algarobeira "," "," "
"425620007","37877001","359","Metal (substance)","Environmental agent (qualifier value)","Metal","Metal"," "," "
"2799001","37877001","360","Methylbenzethonium chloride (substance)","Environmental agent (qualifier value)","Methylbenzethonium chloride ","Cloreto de metilbenzetónio","Cloreto de metilbenzetónio"," "
"1268869001","762766007","361","Micropterus salmoides (substance)","Edible substance (substance)","Micropterus salmoides","Micropterus salmoides","Achigã"," "
"70813002","762766007","362","Milk (substance)","Edible substance (substance)","Milk","Leite "," "," "
"711083008","115668003","363","Mink epithelium (substance)","Biological substance (substance)","Mink epithelium","Epitélio de marta"," "," "
"230037009","762766007","364","Mint - herb (substance)                                                                                                                                              ","Edible substance (substance)","Mint - herb","Hortelã - erva","Hortelã"," "
"75665004","762766007","365","Monosodium glutamate (substance)","Edible substance (substance)","Monosodium glutamate","Glutamato monossódico"," "," "
"472728000","115668003","366","Morus alba pollen (substance)","Biological substance (substance)","Morus alba pollen","Pólen de Morus alba","Pólen de amoreira-branca"," "
"1284917006","762766007","367","Morus rubra (substance)","Edible substance (substance)","Morus rubra","Morus rubra","Amora vermelha"," "
"710929001","115668003","368","Mosquito salivary protein (substance)","Biological substance (substance)","Mosquito salivary protein","Proteína salivar do mosquito"," "," "
"710932003","115668003","369","Moth protein (substance)","Biological substance (substance)","Moth protein","Proteína de traça"," "," "
"260125004","115668003","370","Mountain juniper pollen (substance)","Biological substance (substance)","Mountain juniper pollen","Pólen de zimbro da montanha"," "," "
"256419000","115668003","371","Mouse epithelium (substance)","Biological substance (substance)","Mouse epithelium","Epitélio de murganho"," "," "
"260159000","115668003","372","Mouse serum proteins (substance)","Biological substance (substance)","Mouse serum proteins","Proteínas séricas de murganho"," "," "
"260156007","115668003","373","Mouse urine proteins (substance)","Biological substance (substance)","Mouse urine proteins","Proteínas da urina de murganho"," "," "
"226837009","762766007","374","Mozzarella cheese (substance)","Edible substance (substance)","Mozzarella cheese","Queijo mozzarella","Queijo mussarela"," "
"227434002","115668003","375","Mulberries (substance)","Biological substance (substance)","Mulberries","Amoras"," "," "
"227355001","762766007","376","Mung beans (substance)","Edible substance (substance)","Mung beans","Feijão mungo","Vigna radiata ","Feijão-da-china"
"1268880001","115668003","377","Mus musculus dropping (substance)","Biological substance (substance)","Mus musculus dropping","Excremento de Mus musculus","Excremento de murganho"," "
"735045008","762766007","378","Mushroom (substance)","Edible substance (substance)","Mushroom","Cogumelo"," "," "
"77188000","0","379","Mussel (organism)"," ","Mussel ","Mexilhão","Mexilhão"," "
"227150003","762766007","380","Mussel (substance)","Edible substance (substance)","Mussel","Mexilhão"," "," "
"51905005","762766007","381","Mustard (substance)","Edible substance (substance)","Mustard","Mostarda"," "," "
"710184005","115668003","382","Mutton (substance)","Biological substance (substance)","Mutton","Carne de carneiro","Carneiro"," "
"227435001","762766007","383","Nectarine (substance)","Edible substance (substance)","Nectarine","Nectarina"," "," "
"256298009","115668003","384","Nettle pollen (substance)","Biological substance (substance)","Nettle pollen","Pólen de urtiga"," "," "
"33396006","37877001","385","Nickel (substance)","Environmental agent (qualifier value)","Nickel","Níquel"," "," "
"276310004","0","386","Non-human hair - material (substance)"," ","Animal hair","Epitélio de animais","Pêlo de animais"," "
"13577000","762766007","387","Nut (substance)","Edible substance (substance)","Nut","Frutos secos"," "," "
"735046009","762766007","388","Nutmeg (substance)","Edible substance (substance)","Nutmeg","Noz-moscada"," "," "
"230034002","762766007","389","Nuts and seeds (substance)","Edible substance (substance)","Nuts and seeds","Nozes e sementes"," "," "
"256270006","115668003","390","Oak pollen (substance)","Biological substance (substance)","Oak pollen","Pólen de carvalho"," "," "
"418504009","115668003","391","Oat (substance)","Biological substance (substance)","Oat","Aveia"," "," "
"226725004","762766007","392","Oatmeal (substance)","Edible substance (substance)","Oatmeal","Flocos de aveia","Papa de aveia"," "
"735979007","762766007","393","Octopus (substance)","Edible substance (substance)","Octopus","Polvo"," "," "
"41834005","762766007","394","Olive oil (substance)","Edible substance (substance)","Olive oil","Azeite "," "," "
"260126003","115668003","395","Olive pollen (substance)                                                                                                                                                                     ","Biological substance (substance)","Olive pollen","Pólen de oliveira"," "," "
"227436000","762766007","396","Olives (substance)","Edible substance (substance)","Olives","Azeitonas"," "," "
"735047000","762766007","397","Onion (substance)","Edible substance (substance)","Onion","Cebola"," "," "
"256306003","762766007","398","Orange - fruit (substance)                                                                                                                                                                   ","Edible substance (substance)","Orange - fruit","Fruta laranja","Laranja"," "
"227130002","762766007","399","Orange roughy (substance)","Edible substance (substance)","Orange roughy","Peixe relógio","Hoplostethus atlanticus"," "
"227407000","762766007","400","Oregano (substance)","Edible substance (substance)","Oregano","Orégão"," "," "
"116549003","37877001","401","Organochlorine pesticide (substance)","Environmental agent (qualifier value)","Organochlorine pesticide","Pesticida organoclorado"," "," "
"119417004","37877001","402","Organophosphate insecticide (substance)","Environmental agent (qualifier value)","Organophosphate insecticide ","Organofosfatos","Pesticida organofosfato"," "
"74964007","0","403","Other (qualifier value)"," ","Other ","Outros agentes ou substâncias","Outros agentes ou substâncias"," "
"303301007","762766007","404","Ovalbumin (substance)","Edible substance (substance)","Ovalbumin","Ovalbumina"," "," "
"414983003","115668003","405","Ovomucin (substance)","Biological substance (substance)","Ovomucin","Ovomucina"," "," "
"260109009","115668003","406","Ox-eye daisy pollen (substance)                                                                                                                                                        ","Biological substance (substance)","Ox-eye daisy pollen","Pólen de margarida","Pólen de malmequer"," "
"72179002","37877001","407","Oxybenzone (substance)","Environmental agent (qualifier value)","Oxybenzone","Oxibenzona"," "," "
"736031006","762766007","408","Oyster (substance)","Edible substance (substance)","Oyster","Ostra"," "," "
"226907001","115668003","409","Palm oil (substance)","Biological substance (substance)","Palm oil","Óleo de palma"," "," "
"735212003","762766007","410","Papaya (substance)","Edible substance (substance)","Papaya","Papaia","Mamão"," "
"260194007","115668003","411","Paper wasp venom (substance)","Biological substance (substance)","Paper wasp venom","Veneno de vespa do papel"," "," "
"227408005","115668003","412","Paprika (substance)","Biological substance (substance)","Paprika","Paprika"," "," "
"255667006","37877001","413","Paraffin (substance)","Environmental agent (qualifier value)","Paraffin","Parafina"," "," "
"1268874009","115668003","414","Parakeet dropping (substance)","Biological substance (substance)","Parakeet dropping","Excremento de periquito"," "," "
"1268877002","115668003","415","Parakeet feather (substance)","Biological substance (substance)","Parakeet feather","Pena de periquito"," "," "
"71094007","115668003","416","Parietaria judaica pollen (substance)","Biological substance (substance)","Parietaria judaica pollen","Pólen de Parietaria judaica","Pólen de erva-das-muralhas","Pólen de Alfavaca"
"226838004","762766007","417","Parmesan cheese (substance)","Edible substance (substance)","Parmesan cheese","Queijo parmesão"," "," "
"1268875005","115668003","418","Parrot dropping (substance)","Biological substance (substance)","Parrot dropping","Excremento de papagaio"," "," "
"711067008","115668003","419","Parrot feathers (substance)","Biological substance (substance)","Parrot feathers","Penas de papagaio"," "," "
"735048005","762766007","420","Parsley (substance)","Edible substance (substance)","Parsley","Salsa"," "," "
"260102000","115668003","421","Paspalum notatum pollen (substance)","Biological substance (substance)","Paspalum notatum pollen","Pólen de Paspalum notatum","Pólen de grama-bahia"," "
"227438004","762766007","422","Passion fruit (substance)","Edible substance (substance)","Passion fruit","Maracujá"," "," "
"260184002","762766007","423","Pea (substance)","Edible substance (substance)","Pea","Ervilha"," "," "
"735049002","762766007","424","Peach (substance)","Edible substance (substance)","Peach","Pêssego"," "," "
"762952008","762766007","425","Peanut (substance)","Edible substance (substance)","Peanut","Amendoim"," "," "
"102260001","762766007","426","Peanut butter (substance)","Edible substance (substance)","Peanut butter","Manteiga de amendoim "," "," "
"735050002","762766007","427","Pear (substance)","Edible substance (substance)","Pear","Pêra"," "," "
"260189007","762766007","428","Pecan nut (substance)","Edible substance (substance)","Pecan nut","Noz pecã"," "," "
"410853002","37877001","429","Perfluorochemical (substance)","Environmental agent (qualifier value)","Perfluorochemical","Perfluor","Perfluorado","PFCs"
"418785009","37877001","430","Perfume (substance)","Environmental agent (qualifier value)","Perfume ","Perfume"," "," "
"59545008","37877001","431","Pesticide (substance)","Environmental agent (qualifier value)","Pesticide ","Pesticida"," "," "
"1284970000","762766007","432","Phaseolus vulgaris (substance)","Edible substance (substance)","Phaseolus vulgaris","Phaseolus vulgaris","Feijão comum"," "
"710730004","115668003","433","Phoenix canariensis pollen (substance)","Biological substance (substance)","Phoenix canariensis pollen","Pólen de Phoenix canariensis ","Pólen de palmeira"," "
"260155006","115668003","434","Pigeon droppings (substance)","Biological substance (substance)","Pigeon droppings","Excrementos de pombo"," "," "
"303316005","115668003","435","Pigeon feathers (substance)","Biological substance (substance)","Pigeon feathers","Penas de pombo"," "," "
"765099008","762766007","436","Pilchard (substance)                                                                                                                              ","Edible substance (substance)","Pilchard","Sardinha europeia"," "," "
"227511008","762766007","437","Pine nut (substance)","Edible substance (substance)","Pine nut","Pinhão"," "," "
"256267007","115668003","438","Pine pollen (substance)","Biological substance (substance)","Pine pollen","Pólen de pinheiro"," "," "
"227360002","762766007","439","Pinto beans (substance)","Edible substance (substance)","Pinto beans","Feijão carioca"," "," "
"1285136005","115668003","440","Pinus echinata pollen (substance)","Biological substance (substance)","Pinus echinata pollen","Pólen de Pinus echinata","Pólen de pinheiro-de-folha-curta"," "
"1268368002","115668003","441","Pinus elliottii pollen (substance)","Biological substance (substance)","Pinus elliottii pollen","Pólen de Pinus elliottii"," "," "
"1285120008","115668003","442","Pinus monticola pollen (substance)","Biological substance (substance)","Pinus monticola pollen","Pólen de Pinus monticola"," "," "
"1268361008","115668003","443","Pinus palustris pollen (substance)","Biological substance (substance)","Pinus palustris pollen","Pólen de Pinus palustris"," "," "
"1268315008","115668003","444","Pinus pinea pollen (substance)","Biological substance (substance)","Pinus pinea pollen","Pólen de Pinus pinea","Pólen de pinheiro-manso"," "
"260129005","115668003","445","Pinus strobus pollen (substance)","Biological substance (substance)","Pinus strobus pollen","Pólen de Pinus strobus","Pólen de pinheiro branco"," "
"1268359004","115668003","446","Pinus taeda pollen (substance)","Biological substance (substance)","Pinus taeda pollen","Pólen de Pinus taeda","Pólen de pinheiro-amarelo","Pólen de pinheiro-rabo-de-raposa"
"1285119002","115668003","447","Pinus virginiana pollen (substance)","Biological substance (substance)","Pinus virginiana pollen","Pólen de Pinus virginiana"," "," "
"1137358000","762766007","448","Piper (substance)","Edible substance (substance)","Piper","Piper","Pimenta"," "
"227512001","762766007","449","Pistachio nut (substance)","Edible substance (substance)","Pistachio nut","Pistáchio"," "," "
"227083008","762766007","450","Plaice (substance)","Edible substance (substance)","Plaice","Solha"," "," "
"1268404004","762766007","451","Pleurotus ostreatus (substance)","Edible substance (substance)","Pleurotus ostreatus","Pleurotus ostreatus","cogumelo-ostra"," "
"735051003","762766007","452","Plum (substance)","Edible substance (substance)","Plum","Ameixa"," "," "
"387398009","115668003","453","Podophyllum resin(substance)","Biological substance (substance)","Podophyllum resin","Resina de podofilina","Podofilina"," "
"1263993009","115668003","454","Polistes dominula venom (substance)","Biological substance (substance)","Polistes dominula venom","Veneno de Polistes dominula ","Veneno de vespa-do-papel-europeia "," "
"256259004","115668003","455","Pollen (substance)","Biological substance (substance)","Pollen ","Pólen","Pólenes"," "
"256504004","37877001","456","Polycarbonate dental material (substance)","Environmental agent (qualifier value)","Polycarbonate dental material ","Material dentário em policarboneto","Material dentário em policarboneto"," "
"83619009","37877001","457","Polyvinyl alcohol (substance)","Environmental agent (qualifier value)","Polyvinyl alcohol ","Álcool polivinílico","PVA"," "
"227441008","762766007","458","Pomegranate (substance)","Edible substance (substance)","Pomegranate","Romã"," "," "
"840574007","115668003","459","Ponderosa pine pollen (substance)","Biological substance (substance)","Ponderosa pine pollen","Pólen de pinheiro-ponderosa","Pólen de Pinus ponderosa"," "
"227409002","762766007","460","Poppy seed (substance)","Edible substance (substance)","Poppy seed","Semente de papoila"," "," "
"1284918001","762766007","461","Porcine gelatin (substance)","Edible substance (substance)","Porcine gelatin","Gelatina porcina"," "," "
"226934003","762766007","462","Pork (substance)","Edible substance (substance)","Pork","Carne de porco","Porco"," "
"67296003","115668003","463","Pork insulin (substance)","Biological substance (substance)","Pork insulin","Insulina de porco"," "," "
"19893005","37877001","464","Potassium dichromate (substance)","Environmental agent (qualifier value)","Potassium dichromate","Dicromato de potássio"," "," "
"735053000","762766007","465","Potato (substance)","Edible substance (substance)","Potato","Batata"," "," "
"28230009","762766007","466","Poultry (substance)","Edible substance (substance)","Poultry","Ave de capoeira"," "," "
"227151004","762766007","467","Prawns (substance)","Edible substance (substance)","Prawns","Camarões "," "," "
"1259877007","762766007","468","Provolone cheese (substance)","Edible substance (substance)","Provolone cheese","Queijo provolone"," "," "
"227462009","762766007","469","Prunes (substance)","Edible substance (substance)","Prunes","Ameixa seca"," "," "
"52370008","115668003","470","Psyllium (substance)","Biological substance (substance)","Psyllium","Psyllium","Psílio"," "
"227260004","762766007","471","Pumpkin (substance)","Edible substance (substance)","Pumpkin","Abóbora"," "," "
"227514000","762766007","472","Pumpkin seed (substance)","Edible substance (substance)","Pumpkin seed","Semente de abóbora"," "," "
"311846002","37877001","473","Pyrethroid insecticide (substance)","Environmental agent (qualifier value)","Pyrethroid insecticide","Piretroide"," "," "
"1284920003","115668003","474","Pyrus communis pollen (substance)","Biological substance (substance)","Pyrus communis pollen","Pólen de Pyrus communis ","Pólen de pereira"," "
"260138007","115668003","475","Queen palm pollen (substance)","Biological substance (substance)","Queen palm pollen","Pólen de palmeira real"," "," "
"1285308008","115668003","476","Quercus agrifolia pollen (substance)","Biological substance (substance)","Quercus agrifolia pollen","Pólen de Quercus agrifolia"," "," "
"472721006","115668003","477","Quercus alba pollen (substance)","Biological substance (substance)","Quercus alba pollen","Pólen de Quercus alba","Pólen de carvalho-branco"," "
"1268303009","115668003","478","Quercus gambelii pollen (substance)","Biological substance (substance)","Quercus gambelii pollen","Pólen de Quercus gambelii","Pólen de carvalho Gambel"," "
"1268311004","115668003","479","Quercus ilex pollen (substance)","Biological substance (substance)","Quercus ilex pollen","Pólen de Quercus ilex","Azinheira"," "
"1285309000","115668003","480","Quercus kelloggii pollen (substance)","Biological substance (substance)","Quercus kelloggii pollen","Pólen de Quercus kelloggii","Pólen de carvalho negro da Califórnia"," "
"1268307005","115668003","481","Quercus lobata pollen (substance)","Biological substance (substance)","Quercus lobata pollen","Pólen de Quercus lobata","Pólen de carvalho do vale "," "
"472722004","115668003","482","Quercus rubra pollen (substance)","Biological substance (substance)","Quercus rubra pollen","Pólen de Quercus rubra","Pólen de carvalho-americano"," "
"1285419005","115668003","483","Quercus velutina pollen (substance)","Biological substance (substance)","Quercus velutina pollen","Pólen de Quercus velutina"," "," "
"472712005","115668003","484","Quercus virginiana pollen (substance)","Biological substance (substance)","Quercus virginiana pollen","Pólen de Quercus virginiana","Pólen de carvalho do sul"," "
"1268309008","115668003","485","Quercus wislizeni pollen (substance)","Biological substance (substance)","Quercus wislizeni pollen","Pólen de Quercus wislizeni "," "," "
"1268406002","115668003","486","Quercus wood dust (substance)","Biological substance (substance)","Quercus wood dust","Pó de madeira de Quercus","Pó de madeira de carvalho"," "
"227515004","762766007","487","Quinoa (substance)","Edible substance (substance)","Quinoa","Quinoa"," "," "
"710183004","762766007","488","Rabbit - meat (substance)","Edible substance (substance)","Rabbit - meat","Coelho - carne","Carne de coelho"," "
"88818001","0","489","Rabbit (organism)"," ","Rabbit","Coelho","Carne de Coelho"," "
"412153009","115668003","490","Rabbit dander (substance)","Biological substance (substance)","Rabbit dander","Partículas de pele de coelho","Pelo de coelho","Caspa de coelho"
"256421005","115668003","491","Rabbit epithelium (substance)","Biological substance (substance)","Rabbit epithelium","Epitélio de coelho"," "," "
"711084002","115668003","492","Rabbit serum protein (substance)","Biological substance (substance)","Rabbit serum protein","Proteína sérica de coelho"," "," "
"711085001","115668003","493","Rabbit urine protein (substance)","Biological substance (substance)","Rabbit urine protein","Proteína de urina de coelho"," "," "
"256303006","115668003","494","Ragweed pollen (substance)","Biological substance (substance)","Ragweed pollen","Pólen de ambrósia"," "," "
"227463004","762766007","495","Raisins (substance)","Edible substance (substance)","Raisins","Passas "," "," "
"260121008","115668003","496","Rape pollen (substance)","Biological substance (substance)","Rape pollen","Pólen de colza","Pólen de couve-nabiça"," "
"710039005","115668003","497","Rape seed (substance)","Biological substance (substance)","Rape seed","Semente de colza","Semente de couve-nabiça"," "
"227444000","762766007","498","Raspberries (substance)","Edible substance (substance)","Raspberries","Framboesas","Framboesa"," "
"256422003","115668003","499","Rat epithelium (substance)","Biological substance (substance)","Rat epithelium","Epitélio de rato"," "," "
"260158008","115668003","500","Rat serum proteins (substance)","Biological substance (substance)","Rat serum proteins","Proteínas séricas de rato"," "," "
"260157003","115668003","501","Rat urine proteins (substance)","Biological substance (substance)","Rat urine proteins","Proteínas de urina de rato"," "," "
"227362005","762766007","502","Red kidney beans (substance)","Edible substance (substance)","Red kidney beans","Feijão vermelho"," "," "
"226915003","762766007","503","Red meat (substance)","Edible substance (substance)","Red meat","Carne vermelha"," "," "
"726752001","762766007","504","Red snapper (substance)","Edible substance (substance)","Red snapper","Luciano-do-Golfo"," "," "
"227445004","762766007","505","Redcurrants (substance)","Edible substance (substance)","Redcurrants","Groselha"," "," "
"1284940005","762766007","506","Ribes uva-crispa (substance)","Edible substance (substance)","Ribes uva-crispa","Ribes uva-crispa","Groselheira-comum"," "
"67324005","762766007","507","Rice (substance)","Edible substance (substance)","Rice","Arroz"," "," "
"472727005","115668003","508","Robinia pseudoacacia pollen (substance)","Biological substance (substance)","Robinia pseudoacacia pollen","Pólen de Robinia pseudoacacia","Pólen de acácia-bastarda"," "
"1259876003","762766007","509","Romano cheese (substance)","Edible substance (substance)","Romano cheese","Queijo romano"," "," "
"226840009","762766007","510","Roquefort cheese (substance)","Edible substance (substance)","Roquefort cheese","Queijo Roquefort"," "," "
"51503008","115668003","511","Rose oil (substance)","Biological substance (substance)","Rose oil","Óleo de rosa"," "," "
"260115009","115668003","512","Rough marshelder pollen (substance)","Biological substance (substance)","Rough marshelder pollen","Pólen de sabigueiro dos pântanos"," "," "
"43230003","37877001","513","Rubber (substance)","Environmental agent (qualifier value)","Rubber ","Borracha"," "," "
"1268326002","115668003","514","Rumex crispus pollen (substance)","Biological substance (substance)","Rumex crispus pollen","Pólen de Rumex crispus","Pólen de regalo-da-horta","Pólen de labaça"
"1285310005","115668003","515","Rumex obtusifolius pollen (substance)","Biological substance (substance)","Rumex obtusifolius pollen","Pólen de Rumex obtusifolius","Azeda-de-folha-larga","Labaça-de-folha-larga"
"412068007","762766007","516","Rye (substance)","Edible substance (substance)","Rye","Centeio"," "," "
"256280005","115668003","517","Rye grass pollen (substance)","Biological substance (substance)","Rye grass pollen","Pólen de azevém"," "," "
"765320007","115668003","518","Saccharomyces cerevisiae (substance)","Biological substance (substance)","Saccharomyces cerevisiae","Saccharomyces cerevisiae","Levedura de cerveja"," "
"1268305002","115668003","519","Saccharum officinarum pollen (substance)","Biological substance (substance)","Saccharum officinarum pollen","Pólen de Saccharum officinarum","Pólen de cana-de-açúcar"," "
"735010000","762766007","520","Saffron (substance)","Edible substance (substance)","Saffron","Açafrão"," "," "
"38271009","37877001","521","Saffron stain (substance)","Environmental agent (qualifier value)","Saffron stain","Corante de açafrão"," "," "
"227411006","762766007","522","Sage (substance)","Edible substance (substance)","Sage","Sálvia"," "," "
"1268370006","115668003","523","Salix alba pollen (substance)","Biological substance (substance)","Salix alba pollen","Pólen de Salix alba","Pólen de salgueiro-branco"," "
"1285307003","115668003","524","Salix discolor pollen (substance)","Biological substance (substance)","Salix discolor pollen","Pólen de Salix descolor","Pólen de salgueiro-gato"," "
"1264511005","115668003","525","Salix nigra pollen (substance)","Biological substance (substance)","Salix nigra pollen","Pólen de Salix nigra"," "," "
"735009005","762766007","526","Salmon (substance)","Edible substance (substance)","Salmon","Salmão"," "," "
"260111000","115668003","527","Salsola kali pollen (substance)","Biological substance (substance)","Salsola kali pollen","Pólen de Salsola kali"," "," "
"128489003","37877001","528","Sand (substance)","Environmental agent (qualifier value)","Sand ","Areia"," "," "
"227136008","762766007","529","Sardine (substance)","Edible substance (substance)","Sardine","Sardinha "," "," "
"736027000","762766007","530","Scallop (substance)","Edible substance (substance)","Scallop","Vieira"," "," "
"472734007","115668003","531","Schinus pollen (substance)","Biological substance (substance)","Schinus pollen","Pólen de Schinus","Pólen de aroeira"," "
"1263992004","762766007","532","Scomber japonicus (substance)","Edible substance (substance)","Scomber japonicus","Scomber japonicus","Cavala"," "
"303314008","115668003","533","Scorpion venom (substance)","Biological substance (substance)","Scorpion venom ","Veneno de escorpião"," "," "
"44027008","762766007","534","Seafood (substance)","Edible substance (substance)","Seafood","Frutos do mar","Alimentos de origem marinha"," "
"264337003","762766007","535","Seed (substance)","Edible substance (substance)","Seed","Semente","Caroço"," "
"6993007","115668003","536","Seminal fluid (substance)","Biological substance (substance)","Seminal fluid","Fluido seminal","Sémen"," "
"1268879004","115668003","537","Serinus canaria dropping (substance)","Biological substance (substance)","Serinus canaria dropping","Excremento de Serinus canaria","Excremento de canário"," "
"260167008","762766007","538","Sesame seed (substance)","Edible substance (substance)","Sesame seed","Sementes de sésamo"," "," "
"227447007","762766007","539","Sharon fruit (substance)","Edible substance (substance)","Sharon fruit","Dióspiro"," "," "
"260162002","115668003","540","Sheep epithelium (substance)","Biological substance (substance)","Sheep epithelium","Epitélio de ovelha"," "," "
"226791004","762766007","541","Sheep milk (substance)","Edible substance (substance)","Sheep milk","Leite de ovelha"," "," "
"260117001","115668003","542","Sheep sorrel pollen (substance)","Biological substance (substance)","Sheep sorrel pollen","Pólen de azeda-dos-ovinos","Pólen de azeda-dos-noivos","Pólen de azeda-mansa"
"735029006","762766007","543","Shellfish (substance)","Edible substance (substance)","Shellfish","Marisco","Crustáceos"," "
"278840001","762766007","544","Shrimp (substance)","Edible substance (substance)","Shrimp","Camarão"," "," "
"51420009","0","545","Silicon (substance)"," ","Silicone ","Silicone e seus derivados","Silicone "," "
"13652007","37877001","546","Silicone (substance)","Environmental agent (qualifier value)","Silicone","Silicone","Silicone"," "
"412156001","115668003","547","Silk (substance)","Biological substance (substance)","Silk","Seda"," "," "
"1285427001","115668003","548","Silk waste (substance)","Biological substance (substance)","Silk waste","Resíduo de seda"," "," "
"41967008","37877001","549","Silver (substance)","Environmental agent (qualifier value)","Silver","Prata"," "," "
"15838006","0","550","Snail (organism)"," ","Snail ","Caracol","Caracóis"," "
"1264462006","762766007","551","Solea solea (substance)","Edible substance (substance)","Solea solea","Solea Solea","Linguado comum"," "
"1293222009","115668003","552","Solenopsis invicta venom (substance)","Biological substance (substance)","Solenopsis invicta venom","Veneno de Solenopsis invicta","Veneno de formiga-de-fogo-vermelha"," "
"710939007","115668003","553","Solenopsis venom (substance)","Biological substance (substance)","Solenopsis venom","Veneno de Solenopsis","Veneno de formiga-de-fogo"," "
"7791007","762766007","554","Soy protein (substance)","Edible substance (substance)","Soy protein","Proteína de soja"," "," "
"1268405003","762766007","555","Sparus aurata (substance)","Edible substance (substance)","Sparus aurata","Sparus aurata","Dourada"," "
"24515005","762766007","556","Spice (substance)","Edible substance (substance)","Spice","Especiaria","Especiarias"," "
"303315009","115668003","557","Spider venom (substance)","Biological substance (substance)","Spider venom ","Veneno de aranha"," "," "
"256329006","762766007","558","Spinach (substance)","Edible substance (substance)","Spinach","Espinafre"," "," "
"710185006","762766007","559","Spiny lobster (substance)","Edible substance (substance)","Spiny lobster","Lagosta espinhosa"," "," "
"256273008","115668003","560","Spruce pollen (substance)","Biological substance (substance)","Spruce pollen","Pólen de abeto"," "," "
"735006003","762766007","561","Squid (substance)","Edible substance (substance)","Squid","Lula"," "," "
"256506002","37877001","562","Stainless steel material (substance)","Environmental agent (qualifier value)","Stainless steel material","Material de aço inoxidável"," "," "
"418950004","115668003","563","Staphylococcus aureus enterotoxin A (substance)","Biological substance (substance)","Staphylococcus aureus enterotoxin A","Staphylococcus aureus enterotoxina A"," "," "
"419488004","115668003","564","Staphylococcus aureus enterotoxin B (substance)","Biological substance (substance)","Staphylococcus aureus enterotoxin B","Staphylococcus aureus enterotoxina B"," "," "
"418864000","115668003","565","Staphylococcus aureus enterotoxin C (substance)","Biological substance (substance)","Staphylococcus aureus enterotoxin C","Staphylococcus aureus enterotoxina C"," "," "
"419175007","115668003","566","Staphylococcus aureus enterotoxin D (substance)","Biological substance (substance)","Staphylococcus aureus enterotoxin D","Staphylococcus aureus enterotoxina D"," "," "
"444684000","115668003","567","Staphylococcus aureus enterotoxin E (substance)","Biological substance (substance)","Staphylococcus aureus enterotoxin E","Staphylococcus aureus enterotoxina E"," "," "
"711317006","115668003","568","Staphylococcus aureus toxic shock syndrome toxin 1 (substance)","Biological substance (substance)","Staphylococcus aureus toxic shock syndrome toxin 1","Toxina 1 da síndrome do choque tóxico por Staphylococcus aureus"," "," "
"102261002","762766007","569","Strawberry (substance)","Edible substance (substance)","Strawberry","Morango"," "," "
"421133009","0","570","Subphylum Crustacea (organism)"," ","Crustacea ","Crustáceos","Crustáceos"," "
"105590001","0","571","Substance (substance)"," ","Substance","Substância","Substância"," "
"11320009","762766007","572","Sucrose (substance)","Edible substance (substance)","Sucrose","Sacarose "," "," "
"767406000","762766007","573","Sulfite and Sulfite derivative (substance)","Edible substance (substance)","Sulfite and Sulfite derivative","Sulfito","Sulfito e seus derivados"," "
"43735007","37877001","574","Sulfur (substance)","Environmental agent (qualifier value)","Sulfur","Enxofre"," "," "
"710900003","115668003","575","Sunflower pollen (substance)","Biological substance (substance)","Sunflower pollen","Pólen de girassol"," "," "
"260205009","762766007","576","Sunflower seed (substance)","Edible substance (substance)","Sunflower seed","Semente de girassol"," "," "
"408099007","0","577","Suture (physical object)"," ","Suture","Material de sutura","Material de sutura"," "
"412160003","0","578","Suture allergen (substance)"," ","Suture allergen","Material de sutura","Material de sutura"," "
"710726002","115668003","579","Sweet gum tree pollen (substance)","Biological substance (substance)","Sweet gum tree pollen","Pólen de árvore-do-âmbar","Pólen de liquidâmbar"," "
"735004000","762766007","580","Sweet potato (substance)","Edible substance (substance)","Sweet potato","Batata doce"," "," "
"260088002","115668003","581","Sweet vernal grass pollen (substance)","Biological substance (substance)","Sweet vernal grass pollen","Pólen de erva-de-cheiro","Pólen de erva-santa"," "
"260163007","115668003","582","Swine epithelium (substance)","Biological substance (substance)","Swine epithelium","Epitélio suíno"," "," "
"711088004","115668003","583","Swine urine protein (substance)","Biological substance (substance)","Swine urine protein","Proteína de urina suína"," "," "
"1259875004","762766007","584","Swiss type cheese (substance)","Edible substance (substance)","Swiss type cheese","Queijo do tipo suíço"," "," "
"726731009","762766007","585","Swordfish (substance)","Edible substance (substance)","Swordfish","Peixe-espada"," "," "
"710940009","115668003","586","Tabanus species salivary protein (substance)","Biological substance (substance)","Tabanus species salivary protein","Proteína salivar da espécie Tabanus","Proteína salivar da mosca-de-cavalo"," "
"227412004","762766007","587","Tarragon (substance)","Edible substance (substance)","Tarragon","Estragão"," "," "
"21592006","37877001","588","Tartrazine stain (substance)","Environmental agent (qualifier value)","Tartrazine stain","Corante de tartrazina","Tartrazina"," "
"1268865007","115668003","589","Taxodium distichum pollen (substance)","Biological substance (substance)","Taxodium distichum pollen","Pólen de Taxodium distichum ","Pólen de cipreste careca","Pólen de cipreste pantanoso"
"16313001","762766007","590","Tea (substance)","Edible substance (substance)","Tea","Chá"," "," "
"415710007","0","591","Terpene (substance)"," ","Terpene ","Terpeno"," "," "
"1268856000","762766007","592","Theobroma cacao (substance)","Edible substance (substance)","Theobroma cacao","Cacau"," "," "
"227413009","762766007","593","Thyme (substance)","Edible substance (substance)","Thyme","Tomilho"," "," "
"769047004","115668003","594","Tilia (substance)","Biological substance (substance)","Tilia","Tilia"," "," "
"256281009","115668003","595","Timothy grass pollen (substance)","Biological substance (substance)","Timothy grass pollen","Pólen de timótio","Pólen de rabo-de-gato"," "
"1166006","37877001","596","Titanium (substance)","Environmental agent (qualifier value)","Titanium","Titânio"," "," "
"39953003","115668003","597","Tobacco (substance)","Biological substance (substance)","Tobacco","Tabaco"," "," "
"1263989003","762766007","598","Todarodes pacificus (substance)","Edible substance (substance)","Todarodes pacificus ","Todarodes pacificus ","Lula do pacífico"," "
"227365007","762766007","599","Tofu (substance)","Edible substance (substance)","Tofu","Tofu "," "," "
"734881000","762766007","600","Tomato (substance)","Edible substance (substance)","Tomato","Tomate"," "," "
"1264461004","762766007","601","Trachurus japonicus (substance)","Edible substance (substance)","Trachurus japonicus","Trachurus japonicus","Carapau-do-Japão"," "
"68524009","115668003","602","Tragacanth (substance)","Biological substance (substance)","Tragacanth","Goma de tragacanto","Tragacanto"," "
"256260009","115668003","603","Tree and shrub pollen (substance)","Biological substance (substance)","Tree and shrub pollen ","Pólen de árvores e arbustos"," "," "
"256305004","115668003","604","Tree resin (substance)","Biological substance (substance)","Tree resin ","Resina de árvore","Resina "," "
"27119002","37877001","605","Trimellitic anhydride (substance)","Environmental agent (qualifier value)","Trimellitic anhydride","Anidrido trimelítico"," "," "
"1264488009","115668003","606","Triplochiton scleroxylon wood dust (substance)","Biological substance (substance)","Triplochiton scleroxylon wood dust","Pó de madeira de Triplochiton scleroxylon","Pó de madeira de Obeche"," "
"735034005","762766007","607","Trout (substance)","Edible substance (substance)","Trout","Truta"," "," "
"227144008","762766007","608","Tuna fish (substance)","Edible substance (substance)","Tuna fish","Atum"," "," "
"226967004","762766007","609","Turkey - meat (substance)","Edible substance (substance)","Turkey - meat","Carne de peru"," "," "
"260166004","115668003","610","Turkey feathers (substance)","Biological substance (substance)","Turkey feathers","Penas de peru"," "," "
"227275007","762766007","611","Turnip (substance)","Edible substance (substance)","Turnip","Nabo"," "," "
"1264510006","115668003","612","Ulmus americana pollen (substance)","Biological substance (substance)","Ulmus americana pollen","Pólen de Ulmus americana","Pólen de ulmeiro americano"," "
"1285422007","115668003","613","Ulmus crassifolia pollen (substance)","Biological substance (substance)","Ulmus crassifolia pollen","Pólen de Ulmus crassifolia","Pólen de ulmeiro de cedro"," "
"1268867004","115668003","614","Ulmus pumila pollen (substance)","Biological substance (substance)","Ulmus pumila pollen","Pólen de Ulmus pumila","Pólen de ulmeiro-da-sibéria","Pólen de ulmo-siberiano"
"710276001","115668003","615","Unripe peppercorn seed (substance)","Biological substance (substance)","Unripe peppercorn seed","Semente de pimenta-verde"," "," "
"412070003","762766007","616","Vanilla (substance)","Edible substance (substance)","Vanilla","Baunilha"," "," "
"22836000","762766007","617","Vegetable (substance)","Edible substance (substance)","Vegetable","Vegetal","Vegetais"," "
"227313005","762766007","618","Vegetables pulses herbs and spices (substance)","Edible substance (substance)","Vegetables pulses herbs and spices ","Legumes, leguminosas, ervas aromáticas e especiarias"," "," "
"256282002","115668003","619","Velvet grass pollen (substance)","Biological substance (substance)","Velvet grass pollen","Pólen de erva-mansa","Pólen de erva-serôdia"," "
"726764009","762766007","620","Vicia faba (substance)","Edible substance (substance)","Vicia faba","Vicia faba","Fava"," "
"260118006","0","621","Wall pellitory pollen (substance)"," ","Wall pellitory pollen","Pólen de erva-das-muralhas","Pólen de Alfavaca"," "
"256352005","762766007","622","Walnut - nut (substance)                                                                                                                                                                     ","Edible substance (substance)","Walnut - nut","Noz","Nogueira"," "
"256440004","115668003","623","Wasp venom (substance)","Biological substance (substance)","Wasp venom","Veneno de vespa"," "," "
"419420009","762766007","624","Watermelon (substance)","Edible substance (substance)","Watermelon","Melancia"," "," "
"419604006","115668003","625","Weed pollen (substance)","Biological substance (substance)","Weed pollen","Pólen de ervas daninhas","Pólen de ervas daninhas"," "
"412071004","115668003","626","Wheat (substance)","Biological substance (substance)","Wheat","Trigo"," "," "
"260128002","115668003","627","White ash pollen (substance)","Biological substance (substance)","White ash pollen","Pólen de freixo branco","Pólen de freixo americano"," "
"260168003","762766007","628","White bean (substance)","Edible substance (substance)","White bean","Feijão branco"," "," "
"260191004","115668003","629","White faced hornet venom (substance)","Biological substance (substance)","White faced hornet venom","Veneno de vespa de cabeça branca"," "," "
"227038007","762766007","630","White fish (substance)","Edible substance (substance)","White fish","Peixe branco"," "," "
"419633007","37877001","631","White paraffin (substance)","Environmental agent (qualifier value)","White paraffin","Parafina branca"," "," "
"1259874000","762766007","632","White pepper (substance)","Edible substance (substance)","White pepper","Pimenta branca"," "," "
"260103005","115668003","633","Wild rye grass pollen (substance)","Biological substance (substance)","Wild rye grass pollen","Pólen de erva-de-trigo","Pólen de Elymus"," "
"1263805006","115668003","634","Wild silk (substance)","Biological substance (substance)","Wild silk","Seda selvagem"," "," "
"256271005","115668003","635","Willow pollen (substance)","Biological substance (substance)","Willow pollen","Pólen de salgueiro"," "," "
"1259873006","762766007","636","Wine vinegar (substance)","Edible substance (substance)","Wine vinegar","Vinagre de vinho"," "," "
"14402002","115668003","637","Wood (substance)","Biological substance (substance)","Wood ","Madeira"," "," "
"64601002","115668003","638","Wood dust (substance)","Biological substance (substance)","Wood dust","Pó de madeira"," "," "
"412161004","115668003","639","Wool (substance)","Biological substance (substance)","Wool ","Lã"," "," "
"772245002","37877001","640","Wool alcohol (substance)","Environmental agent (qualifier value)","Wool alcohol","Álcool de lanolina","Álcool de lanolina acetilado"," "
"260108001","115668003","641","Wormwood pollen (substance)","Biological substance (substance)","Wormwood pollen","Pólen de absinto"," "," "
"412534006","115668003","642","Yeast (substance)","Biological substance (substance)","Yeast","Levedura"," "," "
"260195008","115668003","643","Yellow hornet venom (substance)","Biological substance (substance)","Yellow hornet venom","Veneno de vespa amarela"," "," "
"418266005","37877001","644","Yellow paraffin (substance)","Environmental agent (qualifier value)","Yellow paraffin","Parafina amarela"," "," "
"226863004","762766007","645","Yogurt (substance)","Edible substance (substance)","Yogurt","Iogurte "," "," "
"472744009","115668003","646","Zea mays pollen (substance)","Biological substance (substance)","Zea mays pollen","Pólen de Zea mays","Pólen de milho"," "
"1259835007","762766007","647","Zizania (substance)","Edible substance (substance)","Zizania","Zizania","Arroz selvagem"," "
"1264515001","762766007","648","Ziziphus jujuba (substance)","Edible substance (substance)","Ziziphus jujuba","Ziziphus jujuba","Jujubeira","Jujuba"
"227078000","762766007","649","Monkfish (substance)","Edible substance (substance)","Monkfish","Tamboril"," "," "
"227538001","762766007","650","Pickle (substance)","Edible substance (substance)","Pickle","Pickle"," "," "
"61088005","37877001","651","Plastic (substance)","Environmental agent (qualifier value)","Plastic","Plástico"," "," "
"55700001","37877001","652","Nylon (substance)","Environmental agent (qualifier value)","Nylon","Nylon"," "," "
"226793001","762766007","653","Glycine max milk (substance)","Edible substance (substance)","Glycine max milk","Leite de Glycine max","Leite de soja"," "
"398836001","37877001","654","Kaolin (substance)","Environmental agent (qualifier value)","Kaolin","Argila"," "," "
"58649000","37877001","655","Cosmetic cream (substance)","Environmental agent (qualifier value)","Cosmetic cream","Creme","Loção"," "
"29276003","37877001","656","Chlorine (substance)","Environmental agent (qualifier value)","Chlorine ","Cloro"," "," "
